Time,Open,High,Low,Close,TickVolume,Spread,RealVolume
2026.01.31 23:00:00,104121.73,104176.58,104095.13,104159.37,3600,80,0
2026.01.31 22:00:00,104060.45,104165.96,104060.45,104121.68,3600,80,0
2026.01.31 21:00:00,104031.81,104127.70,104015.15,104060.40,3600,80,0
2026.01.31 20:00:00,104041.31,104089.41,104002.52,104031.76,3600,80,0
2026.01.31 19:00:00,104260.15,104267.90,104038.16,104041.26,3600,80,0
2026.01.31 18:00:00,104288.74,104308.24,104224.41,104260.10,3600,80,0
2026.01.31 17:00:00,104241.90,104313.65,104241.90,104288.69,3600,80,0
2026.01.31 16:00:00,104205.55,104293.62,104169.94,104241.85,3600,80,0
2026.01.31 15:00:00,104248.24,104285.76,104196.61,104205.50,3600,80,0
2026.01.31 14:00:00,104287.75,104303.95,104226.04,104248.19,3600,80,0
2026.01.31 13:00:00,104316.02,104346.08,104250.03,104287.70,3600,80,0
2026.01.31 12:00:00,104412.81,104439.41,104260.97,104315.97,3600,80,0
2026.01.31 11:00:00,104546.51,104554.38,104398.81,104412.76,3600,80,0
2026.01.31 10:00:00,104595.90,104663.20,104496.96,104546.46,3600,80,0
2026.01.31 09:00:00,104520.51,104595.85,104515.57,104595.85,3600,80,0
2026.01.31 08:00:00,104621.93,104629.58,104455.88,104520.46,3600,80,0
2026.01.31 07:00:00,104748.91,104780.59,104618.63,104621.88,3600,80,0
2026.01.31 06:00:00,104649.24,104765.93,104649.24,104748.86,3600,80,0
2026.01.31 05:00:00,104611.83,104704.18,104611.83,104649.19,3600,80,0
2026.01.31 04:00:00,104599.18,104640.88,104579.53,104611.78,3600,80,0
2026.01.31 03:00:00,104705.46,104744.76,104562.95,104599.13,3600,80,0
2026.01.31 02:00:00,104677.50,104790.66,104677.50,104705.41,3600,80,0
2026.01.31 01:00:00,104707.82,104721.22,104615.26,104677.45,3600,80,0
2026.01.31 00:00:00,105062.66,105069.96,104696.83,104707.77,3600,80,0
2026.01.30 23:00:00,105055.93,105075.98,104996.79,105062.61,3600,80,0
2026.01.30 22:00:00,104975.30,105055.88,104975.30,105055.88,3600,80,0
2026.01.30 21:00:00,105147.23,105170.83,104971.95,104975.25,3600,80,0
2026.01.30 20:00:00,105100.78,105182.89,105050.64,105147.18,3600,80,0
2026.01.30 19:00:00,105157.74,105180.24,105000.78,105100.73,3600,80,0
2026.01.30 18:00:00,105162.85,105216.90,105121.12,105157.69,3600,80,0
2026.01.30 17:00:00,105189.21,105284.84,105147.75,105162.80,3600,80,0
2026.01.30 16:00:00,105070.26,105195.75,105070.26,105189.16,3600,80,0
2026.01.30 15:00:00,104982.55,105070.21,104974.88,105070.21,3600,80,0
2026.01.30 14:00:00,104948.70,104987.70,104883.80,104982.50,3600,80,0
2026.01.30 13:00:00,105030.03,105063.23,104935.56,104948.65,3600,80,0
2026.01.30 12:00:00,104966.15,105034.15,104953.06,105029.98,3600,80,0
2026.01.30 11:00:00,105116.46,105124.26,104956.10,104966.10,3600,80,0
2026.01.30 10:00:00,105012.38,105116.41,104987.17,105116.41,3600,80,0
2026.01.30 09:00:00,104991.45,105030.48,104955.98,105012.33,3600,80,0
2026.01.30 08:00:00,105048.66,105060.65,104939.20,104991.40,3600,80,0
2026.01.30 07:00:00,105040.23,105055.93,105001.56,105048.61,3600,80,0
2026.01.30 06:00:00,105056.23,105085.30,105002.18,105040.18,3600,80,0
2026.01.30 05:00:00,105013.10,105056.74,105006.39,105056.18,3600,80,0
2026.01.30 04:00:00,105041.42,105093.03,104969.50,105013.05,3600,80,0
2026.01.30 03:00:00,105018.40,105089.66,105008.22,105041.37,3600,80,0
2026.01.30 02:00:00,104909.35,105050.79,104900.39,105018.35,3600,80,0
2026.01.30 01:00:00,104822.10,104927.45,104822.10,104909.30,3600,80,0
2026.01.30 00:00:00,104942.82,104981.82,104819.75,104822.05,3600,80,0
2026.01.29 23:00:00,104892.59,104973.86,104892.59,104942.77,3600,80,0
2026.01.29 22:00:00,104916.00,104949.60,104877.22,104892.54,3600,80,0
2026.01.29 21:00:00,104996.82,105058.17,104908.20,104915.95,3600,80,0
2026.01.29 20:00:00,105042.28,105048.74,104961.07,104996.77,3600,80,0
2026.01.29 19:00:00,105149.77,105179.07,105022.53,105042.23,3600,80,0
2026.01.29 18:00:00,105325.91,105329.66,105137.42,105149.72,3600,80,0
2026.01.29 17:00:00,105304.66,105347.61,105278.06,105325.86,3600,80,0
2026.01.29 16:00:00,105260.73,105316.67,105198.67,105304.61,3600,80,0
2026.01.29 15:00:00,105201.64,105318.41,105201.64,105260.68,3600,80,0
2026.01.29 14:00:00,105269.20,105318.75,105171.24,105201.59,3600,80,0
2026.01.29 13:00:00,105177.15,105269.15,105142.50,105269.15,3600,80,0
2026.01.29 12:00:00,105151.82,105209.05,105121.40,105177.10,3600,80,0
2026.01.29 11:00:00,105200.40,105255.48,105102.77,105151.77,3600,80,0
2026.01.29 10:00:00,105151.98,105216.80,105137.45,105200.35,3600,80,0
2026.01.29 09:00:00,105239.64,105260.54,105150.03,105151.93,3600,80,0
2026.01.29 08:00:00,105240.89,105309.56,105219.39,105239.59,3600,80,0
2026.01.29 07:00:00,105117.89,105247.91,105117.89,105240.84,3600,80,0
2026.01.29 06:00:00,105194.32,105196.37,105028.61,105117.84,3600,80,0
2026.01.29 05:00:00,105309.38,105334.23,105190.18,105194.27,3600,80,0
2026.01.29 04:00:00,105312.19,105353.57,105282.47,105309.33,3600,80,0
2026.01.29 03:00:00,105219.34,105333.35,105219.34,105312.14,3600,80,0
2026.01.29 02:00:00,105218.14,105244.69,105171.92,105219.29,3600,80,0
2026.01.29 01:00:00,105150.91,105218.09,105125.51,105218.09,3600,80,0
2026.01.29 00:00:00,105142.14,105194.84,105082.91,105150.86,3600,80,0
2026.01.28 23:00:00,105236.24,105269.57,105121.30,105142.09,3600,80,0
2026.01.28 22:00:00,105259.91,105313.77,105208.72,105236.19,3600,80,0
2026.01.28 21:00:00,105209.61,105260.46,105189.56,105259.86,3600,80,0
2026.01.28 20:00:00,105029.61,105209.56,105029.61,105209.56,3600,80,0
2026.01.28 19:00:00,105031.92,105040.69,104933.79,105029.56,3600,80,0
2026.01.28 18:00:00,105067.90,105104.50,104982.00,105031.87,3600,80,0
2026.01.28 17:00:00,104998.24,105085.69,104936.08,105067.85,3600,80,0
2026.01.28 16:00:00,104908.80,104998.19,104888.50,104998.19,3600,80,0
2026.01.28 15:00:00,104977.42,104982.42,104885.05,104908.75,3600,80,0
2026.01.28 14:00:00,104923.49,105011.99,104923.49,104977.37,3600,80,0
2026.01.28 13:00:00,104854.15,104952.66,104851.26,104923.44,3600,80,0
2026.01.28 12:00:00,104765.88,104916.16,104765.88,104854.10,3600,80,0
2026.01.28 11:00:00,104684.31,104765.83,104657.42,104765.83,3600,80,0
2026.01.28 10:00:00,104657.26,104744.13,104657.26,104684.26,3600,80,0
2026.01.28 09:00:00,104652.06,104677.67,104599.56,104657.21,3600,80,0
2026.01.28 08:00:00,104607.19,104652.01,104585.08,104652.01,3600,80,0
2026.01.28 07:00:00,104522.01,104645.52,104522.01,104607.14,3600,80,0
2026.01.28 06:00:00,104553.34,104629.19,104510.61,104521.96,3600,80,0
2026.01.28 05:00:00,104512.12,104582.37,104465.87,104553.29,3600,80,0
2026.01.28 04:00:00,104514.31,104554.36,104470.87,104512.07,3600,80,0
2026.01.28 03:00:00,104551.50,104616.34,104479.61,104514.26,3600,80,0
2026.01.28 02:00:00,104642.86,104666.39,104528.20,104551.45,3600,80,0
2026.01.28 01:00:00,104588.42,104664.65,104564.80,104642.81,3600,80,0
2026.01.28 00:00:00,104586.75,104643.77,104526.27,104588.37,3600,80,0
2026.01.27 23:00:00,104621.73,104645.84,104580.87,104586.70,3600,80,0
2026.01.27 22:00:00,104500.13,104621.68,104500.13,104621.68,3600,80,0
2026.01.27 21:00:00,104500.16,104523.04,104452.81,104500.08,3600,80,0
2026.01.27 20:00:00,104452.92,104500.11,104415.03,104500.11,3600,80,0
2026.01.27 19:00:00,104433.18,104454.56,104386.41,104452.87,3600,80,0
2026.01.27 18:00:00,104381.10,104501.56,104381.10,104433.13,3600,80,0
2026.01.27 17:00:00,104487.02,104502.67,104364.80,104381.05,3600,80,0
2026.01.27 16:00:00,104517.16,104547.37,104449.47,104486.97,3600,80,0
2026.01.27 15:00:00,104420.96,104532.55,104412.33,104517.11,3600,80,0
2026.01.27 14:00:00,104582.05,104589.60,104411.76,104420.91,3600,80,0
2026.01.27 13:00:00,104495.91,104582.00,104495.91,104582.00,3600,80,0
2026.01.27 12:00:00,104573.31,104607.16,104486.06,104495.86,3600,80,0
2026.01.27 11:00:00,104685.90,104705.78,104563.26,104573.26,3600,80,0
2026.01.27 10:00:00,104759.15,104849.70,104674.95,104685.85,3600,80,0
2026.01.27 09:00:00,104719.49,104759.10,104649.94,104759.10,3601,80,0
2026.01.27 08:00:00,104740.86,104751.96,104625.59,104719.44,3600,80,0
2026.01.27 07:00:00,104713.83,104752.26,104697.31,104740.81,3600,80,0
2026.01.27 06:00:00,104785.14,104795.74,104713.43,104713.78,3600,80,0
2026.01.27 05:00:00,104780.98,104853.54,104766.64,104785.09,3600,80,0
2026.01.27 04:00:00,104709.56,104798.43,104709.56,104780.93,3600,80,0
2026.01.27 03:00:00,104718.34,104766.78,104674.33,104709.51,3600,80,0
2026.01.27 02:00:00,104606.65,104718.29,104606.65,104718.29,3600,80,0
2026.01.27 01:00:00,104495.79,104622.36,104476.72,104606.60,3600,80,0
2026.01.27 00:00:00,104504.50,104562.92,104447.99,104495.74,3600,80,0
2026.01.26 23:00:00,104511.16,104519.66,104403.26,104504.45,3600,80,0
2026.01.26 22:00:00,104478.73,104511.11,104446.82,104511.11,3600,80,0
2026.01.26 21:00:00,104423.53,104526.50,104423.53,104478.68,3600,80,0
2026.01.26 20:00:00,104422.85,104447.12,104370.63,104423.48,3600,80,0
2026.01.26 19:00:00,104352.64,104422.80,104309.65,104422.80,3600,80,0
2026.01.26 18:00:00,104417.68,104422.43,104346.19,104352.59,3600,80,0
2026.01.26 17:00:00,104387.86,104419.68,104349.93,104417.63,3600,80,0
2026.01.26 16:00:00,104547.04,104564.74,104366.56,104387.81,3600,80,0
2026.01.26 15:00:00,104547.43,104591.18,104501.85,104546.99,3600,80,0
2026.01.26 14:00:00,104581.82,104636.22,104484.37,104547.38,3600,80,0
2026.01.26 13:00:00,104476.69,104581.77,104454.90,104581.77,3600,80,0
2026.01.26 12:00:00,104514.82,104525.23,104442.50,104476.64,3600,80,0
2026.01.26 11:00:00,104597.34,104616.79,104455.07,104514.77,3600,80,0
2026.01.26 10:00:00,104417.34,104597.29,104417.34,104597.29,3600,80,0
2026.01.26 09:00:00,104432.05,104487.80,104403.35,104417.29,3600,80,0
2026.01.26 08:00:00,104349.35,104432.00,104324.63,104432.00,3600,80,0
2026.01.26 07:00:00,104312.46,104401.71,104312.46,104349.30,3600,80,0
2026.01.26 06:00:00,104379.84,104410.09,104271.06,104312.41,3600,80,0
2026.01.26 05:00:00,104526.68,104533.58,104359.49,104379.79,3600,80,0
2026.01.26 04:00:00,104364.49,104526.63,104364.49,104526.63,3600,80,0
2026.01.26 03:00:00,104422.64,104445.64,104334.30,104364.44,3600,80,0
2026.01.26 02:00:00,104579.86,104611.21,104421.79,104422.59,3600,80,0
2026.01.26 01:00:00,104553.57,104641.22,104549.27,104579.81,3600,80,0
2026.01.26 00:00:00,104523.84,104594.18,104507.94,104553.52,3600,80,0
2026.01.25 23:00:00,104675.78,104693.08,104494.53,104523.79,3600,80,0
2026.01.25 22:00:00,104639.03,104698.56,104617.13,104675.73,3600,80,0
2026.01.25 21:00:00,104678.34,104751.00,104616.56,104638.98,3600,80,0
2026.01.25 20:00:00,104703.49,104709.54,104615.83,104678.29,3600,80,0
2026.01.25 19:00:00,104721.23,104732.05,104663.19,104703.44,3600,80,0
2026.01.25 18:00:00,104655.49,104721.18,104597.13,104721.18,3600,80,0
2026.01.25 17:00:00,104566.45,104663.72,104566.45,104655.44,3600,80,0
2026.01.25 16:00:00,104490.71,104566.40,104473.14,104566.40,3600,80,0
2026.01.25 15:00:00,104392.08,104494.88,104392.08,104490.66,3600,80,0
2026.01.25 14:00:00,104394.99,104456.13,104367.09,104392.03,3600,80,0
2026.01.25 13:00:00,104449.92,104453.72,104356.54,104394.94,3600,80,0
2026.01.25 12:00:00,104431.17,104488.28,104413.88,104449.87,3600,80,0
2026.01.25 11:00:00,104323.25,104468.49,104323.25,104431.12,3600,80,0
2026.01.25 10:00:00,104324.14,104348.65,104285.88,104323.20,3600,80,0
2026.01.25 09:00:00,104316.73,104380.28,104258.94,104324.09,3538,80,0
2026.01.25 08:00:00,104462.28,104498.03,104315.03,104316.68,3600,80,0
2026.01.25 07:00:00,104689.77,104698.37,104453.08,104462.23,3600,80,0
2026.01.25 06:00:00,104801.45,104808.65,104641.37,104689.72,3600,80,0
2026.01.25 05:00:00,104703.77,104802.18,104703.77,104801.40,3600,80,0
2026.01.25 04:00:00,104760.26,104797.24,104697.47,104703.72,3600,80,0
2026.01.25 03:00:00,104833.42,104849.77,104737.33,104760.21,3600,80,0
2026.01.25 02:00:00,104861.42,104922.05,104806.82,104833.37,3600,80,0
2026.01.25 01:00:00,104726.19,104885.50,104726.19,104861.37,3600,80,0
2026.01.25 00:00:00,104675.37,104733.49,104649.80,104726.14,3600,80,0
2026.01.24 23:00:00,104675.47,104728.88,104652.02,104675.32,3600,80,0
2026.01.24 22:00:00,104775.88,104777.08,104660.78,104675.42,3600,80,0
2026.01.24 21:00:00,104806.03,104843.43,104743.58,104775.83,3600,80,0
2026.01.24 20:00:00,104644.37,104805.98,104644.37,104805.98,3600,80,0
2026.01.24 19:00:00,104621.22,104656.91,104598.11,104644.32,3600,80,0
2026.01.24 18:00:00,104578.60,104644.31,104513.32,104621.17,3600,80,0
2026.01.24 17:00:00,104643.78,104666.18,104558.85,104578.55,3600,80,0
2026.01.24 16:00:00,104709.92,104717.05,104625.87,104643.73,3600,80,0
2026.01.24 15:00:00,104684.52,104752.69,104683.06,104709.87,3600,80,0
2026.01.24 14:00:00,104554.24,104709.66,104554.24,104684.47,3600,80,0
2026.01.24 13:00:00,104482.83,104554.19,104445.04,104554.19,3600,80,0
2026.01.24 12:00:00,104469.92,104503.49,104427.12,104482.78,3600,80,0
2026.01.24 11:00:00,104407.51,104499.86,104370.94,104469.87,3600,80,0
2026.01.24 10:00:00,104371.06,104408.36,104332.15,104407.46,3600,80,0
2026.01.24 09:00:00,104360.08,104387.71,104265.83,104371.01,3600,80,0
2026.01.24 08:00:00,104283.71,104387.72,104283.71,104360.03,3600,80,0
2026.01.24 07:00:00,104186.92,104286.48,104186.92,104283.66,3600,80,0
2026.01.24 06:00:00,104112.41,104206.06,104099.11,104186.87,3600,80,0
2026.01.24 05:00:00,104193.50,104256.01,104111.16,104112.36,3600,80,0
2026.01.24 04:00:00,104113.18,104193.45,104029.75,104193.45,3600,80,0
2026.01.24 03:00:00,104089.83,104161.58,104044.98,104113.13,3600,80,0
2026.01.24 02:00:00,104026.75,104089.78,103985.28,104089.78,3600,80,0
2026.01.24 01:00:00,104082.98,104086.53,103989.56,104026.70,3600,80,0
2026.01.24 00:00:00,104135.05,104148.90,104033.53,104082.93,3600,80,0
2026.01.23 23:00:00,104276.71,104311.51,104132.75,104135.00,3600,80,0
2026.01.23 22:00:00,104215.92,104285.37,104155.12,104276.66,3600,80,0
2026.01.23 21:00:00,104293.48,104318.62,104191.07,104215.87,3600,80,0
2026.01.23 20:00:00,104373.69,104446.58,104273.03,104293.43,3600,80,0
2026.01.23 19:00:00,104285.46,104391.99,104285.46,104373.64,3600,80,0
2026.01.23 18:00:00,104266.30,104294.24,104225.24,104285.41,3600,80,0
2026.01.23 17:00:00,104190.94,104266.25,104179.68,104266.25,3600,80,0
2026.01.23 16:00:00,104214.06,104275.71,104171.29,104190.89,3600,80,0
2026.01.23 15:00:00,104141.18,104214.01,104077.54,104214.01,3600,80,0
2026.01.23 14:00:00,104151.94,104211.28,104094.75,104141.13,3600,80,0
2026.01.23 13:00:00,104159.92,104285.08,104151.59,104151.89,3600,80,0
2026.01.23 12:00:00,104257.88,104269.93,104146.55,104159.87,3600,80,0
2026.01.23 11:00:00,104270.56,104301.67,104235.06,104257.83,3600,80,0
2026.01.23 10:00:00,104292.20,104311.05,104194.71,104270.51,3601,80,0
2026.01.23 09:00:00,104312.21,104312.63,104224.88,104292.15,3600,80,0
2026.01.23 08:00:00,104388.48,104408.27,104306.76,104312.16,3600,80,0
2026.01.23 07:00:00,104322.05,104388.43,104268.00,104388.43,3600,80,0
2026.01.23 06:00:00,104214.90,104322.00,104214.90,104322.00,3600,80,0
2026.01.23 05:00:00,104312.75,104337.40,104203.30,104214.85,3600,80,0
2026.01.23 04:00:00,104243.19,104312.70,104220.60,104312.70,3600,80,0
2026.01.23 03:00:00,104153.48,104264.47,104153.48,104243.14,3600,80,0
2026.01.23 02:00:00,104122.95,104189.42,104104.34,104153.43,3600,80,0
2026.01.23 01:00:00,104057.26,104165.65,104057.26,104122.90,3600,80,0
2026.01.23 00:00:00,104194.96,104203.26,104047.93,104057.21,3600,80,0
2026.01.22 23:00:00,104308.66,104310.26,104148.46,104194.91,3600,80,0
2026.01.22 22:00:00,104253.14,104308.61,104235.26,104308.61,3600,80,0
2026.01.22 21:00:00,104176.02,104272.95,104176.02,104253.09,3600,80,0
2026.01.22 20:00:00,104177.92,104220.96,104157.30,104175.97,3600,80,0
2026.01.22 19:00:00,104039.15,104177.87,104039.15,104177.87,3600,80,0
2026.01.22 18:00:00,104143.07,104147.49,104015.50,104039.10,3600,80,0
2026.01.22 17:00:00,104174.72,104211.52,104117.51,104143.02,3600,80,0
2026.01.22 16:00:00,104381.51,104427.64,104170.52,104174.67,3600,80,0
2026.01.22 15:00:00,104495.96,104521.66,104337.06,104381.46,3600,80,0
2026.01.22 14:00:00,104445.32,104502.70,104411.49,104495.91,3600,80,0
2026.01.22 13:00:00,104441.09,104469.31,104407.50,104445.27,3600,80,0
2026.01.22 12:00:00,104532.48,104558.48,104429.49,104441.04,3600,80,0
2026.01.22 11:00:00,104400.19,104532.43,104400.19,104532.43,3600,80,0
2026.01.22 10:00:00,104347.10,104400.29,104333.79,104400.14,3600,80,0
2026.01.22 09:00:00,104468.49,104482.49,104323.30,104347.05,3600,80,0
2026.01.22 08:00:00,104394.47,104468.44,104376.83,104468.44,3600,80,0
2026.01.22 07:00:00,104446.11,104500.69,104387.77,104394.42,3600,80,0
2026.01.22 06:00:00,104413.90,104465.87,104388.35,104446.06,3600,80,0
2026.01.22 05:00:00,104452.11,104486.31,104395.20,104413.85,3600,80,0
2026.01.22 04:00:00,104539.43,104556.53,104440.84,104452.06,3600,80,0
2026.01.22 03:00:00,104547.75,104568.60,104484.98,104539.38,3600,80,0
2026.01.22 02:00:00,104656.93,104695.08,104535.45,104547.70,3600,80,0
2026.01.22 01:00:00,104701.07,104721.67,104611.68,104656.88,3600,80,0
2026.01.22 00:00:00,104575.85,104701.02,104575.85,104701.02,3600,80,0
2026.01.21 23:00:00,104586.18,104606.13,104479.79,104575.80,3600,80,0
2026.01.21 22:00:00,104586.48,104645.04,104579.33,104586.13,3600,80,0
2026.01.21 21:00:00,104693.06,104719.81,104551.08,104586.43,3600,80,0
2026.01.21 20:00:00,104617.86,104693.01,104596.31,104693.01,3600,80,0
2026.01.21 19:00:00,104641.83,104703.98,104590.61,104617.81,3600,80,0
2026.01.21 18:00:00,104727.80,104746.00,104630.28,104641.78,3600,80,0
2026.01.21 17:00:00,104682.72,104799.30,104657.25,104727.75,3600,80,0
2026.01.21 16:00:00,104660.53,104730.71,104621.56,104682.67,3600,80,0
2026.01.21 15:00:00,104655.87,104705.11,104641.56,104660.48,3600,80,0
2026.01.21 14:00:00,104863.13,104873.83,104653.22,104655.82,3600,80,0
2026.01.21 13:00:00,104836.17,104924.44,104836.17,104863.08,3600,80,0
2026.01.21 12:00:00,104784.80,104859.16,104761.10,104836.12,3600,80,0
2026.01.21 11:00:00,104844.19,104890.49,104754.86,104784.75,3600,80,0
2026.01.21 10:00:00,104808.89,104877.98,104779.58,104844.14,3600,80,0
2026.01.21 09:00:00,104816.20,104816.40,104745.58,104808.84,3600,80,0
2026.01.21 08:00:00,104761.00,104846.43,104746.78,104816.15,3600,80,0
2026.01.21 07:00:00,104893.38,104904.03,104735.64,104760.95,3600,80,0
2026.01.21 06:00:00,104909.06,104942.64,104869.23,104893.33,3600,80,0
2026.01.21 05:00:00,104895.85,104945.58,104868.06,104909.01,3600,80,0
2026.01.21 04:00:00,104827.27,104895.80,104808.97,104895.80,3600,80,0
2026.01.21 03:00:00,104719.37,104882.42,104719.37,104827.22,3600,80,0
2026.01.21 02:00:00,104761.58,104793.56,104686.29,104719.32,3600,80,0
2026.01.21 01:00:00,104733.19,104860.76,104716.81,104761.53,3600,80,0
2026.01.21 00:00:00,104811.68,104836.73,104701.71,104733.14,3600,80,0
2026.01.20 23:00:00,104893.63,104893.68,104764.58,104811.63,3600,80,0
2026.01.20 22:00:00,104941.25,104952.80,104849.42,104893.58,3600,80,0
2026.01.20 21:00:00,104877.12,104941.27,104861.02,104941.20,3600,80,0
2026.01.20 20:00:00,104983.52,104999.87,104823.98,104877.07,3600,80,0
2026.01.20 19:00:00,104939.01,105005.24,104905.34,104983.47,3600,80,0
2026.01.20 18:00:00,104909.87,104941.71,104874.15,104938.96,3600,80,0
2026.01.20 17:00:00,104875.13,104928.30,104861.16,104909.82,3600,80,0
2026.01.20 16:00:00,104845.07,104886.72,104822.48,104875.08,3600,80,0
2026.01.20 15:00:00,104834.92,104896.07,104814.42,104845.02,3600,80,0
2026.01.20 14:00:00,104952.88,104977.88,104814.47,104834.87,3600,80,0
2026.01.20 13:00:00,104879.29,105006.14,104879.29,104952.83,3600,80,0
2026.01.20 12:00:00,104839.31,104879.24,104803.87,104879.24,3600,80,0
2026.01.20 11:00:00,104794.12,104849.33,104742.79,104839.26,3600,80,0
2026.01.20 10:00:00,104828.11,104887.16,104746.72,104794.07,3600,80,0
2026.01.20 09:00:00,104856.51,104859.24,104771.68,104828.06,3600,80,0
2026.01.20 08:00:00,104881.43,104943.03,104841.66,104856.46,3600,80,0
2026.01.20 07:00:00,104897.81,104912.83,104836.03,104881.38,3600,80,0
2026.01.20 06:00:00,104977.92,105013.68,104845.11,104897.76,3600,80,0
2026.01.20 05:00:00,105180.58,105189.83,104959.47,104977.87,3600,80,0
2026.01.20 04:00:00,105192.38,105215.85,105144.80,105180.53,3600,80,0
2026.01.20 03:00:00,105248.08,105258.38,105149.73,105192.33,3600,80,0
2026.01.20 02:00:00,105127.53,105248.03,105127.53,105248.03,3600,80,0
2026.01.20 01:00:00,105063.62,105153.69,105063.62,105127.48,3600,80,0
2026.01.20 00:00:00,105146.40,105200.45,105062.57,105063.57,3600,80,0
2026.01.19 23:00:00,105112.54,105174.33,105047.98,105146.35,3600,80,0
2026.01.19 22:00:00,105182.08,105267.79,105089.64,105112.49,3600,80,0
2026.01.19 21:00:00,105333.71,105345.01,105177.73,105182.03,3600,80,0
2026.01.19 20:00:00,105291.84,105368.02,105291.84,105333.66,3600,80,0
2026.01.19 19:00:00,105204.41,105291.79,105188.56,105291.79,3600,80,0
2026.01.19 18:00:00,105181.51,105223.91,105151.92,105204.36,3600,80,0
2026.01.19 17:00:00,105227.68,105235.20,105148.46,105181.46,3600,80,0
2026.01.19 16:00:00,105239.64,105287.62,105187.18,105227.63,3600,80,0
2026.01.19 15:00:00,105139.92,105239.59,105104.14,105239.59,3600,80,0
2026.01.19 14:00:00,105205.84,105254.93,105120.32,105139.87,3600,80,0
2026.01.19 13:00:00,105223.40,105268.63,105201.47,105205.79,3600,80,0
2026.01.19 12:00:00,105319.37,105335.62,105218.75,105223.35,3600,80,0
2026.01.19 11:00:00,105385.83,105430.55,105308.57,105319.32,3600,80,0
2026.01.19 10:00:00,105261.76,105433.56,105261.76,105385.78,3600,80,0
2026.01.19 09:00:00,105363.38,105371.58,105205.51,105261.71,3600,80,0
2026.01.19 08:00:00,105464.39,105498.27,105359.88,105363.33,3600,80,0
2026.01.19 07:00:00,105427.38,105502.49,105394.52,105464.34,3600,80,0
2026.01.19 06:00:00,105399.50,105458.07,105369.16,105427.33,3600,80,0
2026.01.19 05:00:00,105406.07,105470.72,105351.75,105399.45,3600,80,0
2026.01.19 04:00:00,105359.45,105469.85,105359.45,105406.02,3600,80,0
2026.01.19 03:00:00,105532.29,105576.74,105349.80,105359.40,3600,80,0
2026.01.19 02:00:00,105503.03,105532.24,105431.07,105532.24,3600,80,0
2026.01.19 01:00:00,105596.79,105628.94,105481.38,105502.98,3600,80,0
2026.01.19 00:00:00,105610.55,105688.69,105581.84,105596.74,3600,80,0
2026.01.18 23:00:00,105622.18,105643.16,105556.12,105610.50,3600,80,0
2026.01.18 22:00:00,105725.99,105749.34,105615.53,105622.13,3600,80,0
2026.01.18 21:00:00,105712.35,105771.66,105710.61,105725.94,3600,80,0
2026.01.18 20:00:00,105649.28,105712.30,105596.56,105712.30,3600,80,0
2026.01.18 19:00:00,105586.19,105679.52,105586.19,105649.23,3600,80,0
2026.01.18 18:00:00,105537.14,105586.14,105493.51,105586.14,3600,80,0
2026.01.18 17:00:00,105548.19,105599.04,105507.15,105537.09,3600,80,0
2026.01.18 16:00:00,105544.87,105596.35,105493.94,105548.14,3600,80,0
2026.01.18 15:00:00,105434.44,105544.82,105434.44,105544.82,3600,80,0
2026.01.18 14:00:00,105701.93,105703.08,105431.06,105434.39,3600,80,0
2026.01.18 13:00:00,105815.93,105819.58,105677.43,105701.88,3600,80,0
2026.01.18 12:00:00,105941.51,105949.86,105810.08,105815.88,3500,80,0
2026.01.18 11:00:00,105860.69,105978.77,105860.42,105941.46,3600,80,0
2026.01.18 10:00:00,105787.80,105860.64,105759.95,105860.64,3600,80,0
2026.01.18 09:00:00,105624.12,105787.75,105624.12,105787.75,3600,80,0
2026.01.18 08:00:00,105521.34,105630.79,105521.34,105624.07,3600,80,0
2026.01.18 07:00:00,105506.00,105537.42,105450.75,105521.29,3600,80,0
2026.01.18 06:00:00,105468.85,105505.95,105426.56,105505.95,3600,80,0
2026.01.18 05:00:00,105581.26,105587.06,105418.55,105468.80,3600,80,0
2026.01.18 04:00:00,105573.13,105600.06,105521.28,105581.21,3600,80,0
2026.01.18 03:00:00,105580.13,105625.07,105561.56,105573.08,3600,80,0
2026.01.18 02:00:00,105629.74,105662.39,105534.03,105580.08,3600,80,0
2026.01.18 01:00:00,105555.69,105643.16,105555.69,105629.69,3600,80,0
2026.01.18 00:00:00,105686.56,105690.36,105523.83,105555.64,3600,80,0
2026.01.17 23:00:00,105700.60,105775.15,105630.16,105686.51,3600,80,0
2026.01.17 22:00:00,105720.59,105724.29,105637.22,105700.55,3600,80,0
2026.01.17 21:00:00,105830.63,105844.14,105708.49,105720.54,3600,80,0
2026.01.17 20:00:00,105794.08,105831.99,105769.98,105830.58,3600,80,0
2026.01.17 19:00:00,105712.23,105794.03,105669.21,105794.03,3484,80,0
2026.01.17 18:00:00,105735.20,105759.26,105666.34,105712.18,3600,80,0
2026.01.17 17:00:00,105762.44,105797.24,105720.96,105735.15,3600,80,0
2026.01.17 16:00:00,105911.86,105936.61,105760.89,105762.39,3600,80,0
2026.01.17 15:00:00,105874.90,105951.23,105847.42,105911.81,3600,80,0
2026.01.17 14:00:00,105807.19,105874.85,105794.71,105874.85,3600,80,0
2026.01.17 13:00:00,105794.61,105818.17,105767.27,105807.14,3600,80,0
2026.01.17 12:00:00,105717.62,105794.56,105717.62,105794.56,3600,80,0
2026.01.17 11:00:00,105745.57,105775.01,105667.12,105717.57,3600,80,0
2026.01.17 10:00:00,105696.52,105745.52,105645.37,105745.52,3600,80,0
2026.01.17 09:00:00,105746.29,105785.41,105671.27,105696.47,3600,80,0
2026.01.17 08:00:00,105796.35,105829.26,105742.94,105746.24,3600,80,0
2026.01.17 07:00:00,105711.16,105796.30,105697.73,105796.30,3600,80,0
2026.01.17 06:00:00,105688.16,105737.82,105663.87,105711.11,3600,80,0
2026.01.17 05:00:00,105628.08,105691.42,105628.08,105688.11,3600,80,0
2026.01.17 04:00:00,105552.51,105633.19,105552.51,105628.03,3600,80,0
2026.01.17 03:00:00,105473.53,105552.46,105461.08,105552.46,3600,80,0
2026.01.17 02:00:00,105411.03,105492.48,105411.03,105473.48,3600,80,0
2026.01.17 01:00:00,105331.43,105410.98,105331.43,105410.98,3600,80,0
2026.01.17 00:00:00,105461.62,105469.32,105306.58,105331.38,3600,80,0
2026.01.16 23:00:00,105507.32,105560.93,105419.21,105461.57,3600,80,0
2026.01.16 22:00:00,105510.83,105542.76,105478.96,105507.27,3600,80,0
2026.01.16 21:00:00,105464.46,105510.78,105425.95,105510.78,3600,80,0
2026.01.16 20:00:00,105359.05,105497.49,105359.05,105464.41,3600,80,0
2026.01.16 19:00:00,105400.78,105446.69,105347.70,105359.00,3600,80,0
2026.01.16 18:00:00,105366.53,105406.85,105347.30,105400.73,3600,80,0
2026.01.16 17:00:00,105557.55,105612.45,105355.23,105366.48,3600,80,0
2026.01.16 16:00:00,105474.16,105591.40,105474.16,105557.50,3600,80,0
2026.01.16 15:00:00,105412.35,105474.11,105398.39,105474.11,3600,80,0
2026.01.16 14:00:00,105391.53,105496.97,105391.53,105412.30,3600,80,0
2026.01.16 13:00:00,105402.83,105419.38,105346.56,105391.48,3600,80,0
2026.01.16 12:00:00,105454.34,105462.64,105354.93,105402.78,3600,80,0
2026.01.16 11:00:00,105350.23,105464.30,105350.23,105454.29,3600,80,0
2026.01.16 10:00:00,105459.53,105467.30,105322.18,105350.18,3600,80,0
2026.01.16 09:00:00,105409.88,105459.48,105370.85,105459.48,3600,80,0
2026.01.16 08:00:00,105321.64,105409.83,105298.41,105409.83,3600,80,0
2026.01.16 07:00:00,105303.22,105367.27,105287.26,105321.59,3600,80,0
2026.01.16 06:00:00,105435.02,105444.82,105298.07,105303.17,3600,80,0
2026.01.16 05:00:00,105528.74,105533.49,105412.68,105434.97,3600,80,0
2026.01.16 04:00:00,105680.88,105701.83,105503.94,105528.69,3600,80,0
2026.01.16 03:00:00,105584.42,105680.83,105584.42,105680.83,3600,80,0
2026.01.16 02:00:00,105609.82,105654.81,105554.72,105584.37,3600,80,0
2026.01.16 01:00:00,105550.30,105609.77,105524.65,105609.77,3600,80,0
2026.01.16 00:00:00,105581.48,105614.38,105545.30,105550.25,3600,80,0
2026.01.15 23:00:00,105473.80,105581.43,105473.80,105581.43,3600,80,0
2026.01.15 22:00:00,105573.25,105598.65,105469.60,105473.75,3600,80,0
2026.01.15 21:00:00,105437.43,105573.20,105437.43,105573.20,3600,80,0
2026.01.15 20:00:00,105435.43,105489.83,105418.63,105437.38,3600,80,0
2026.01.15 19:00:00,105362.15,105482.32,105362.15,105435.38,3600,80,0
2026.01.15 18:00:00,105298.46,105362.81,105260.35,105362.10,3600,80,0
2026.01.15 17:00:00,105270.45,105298.41,105232.09,105298.41,3600,80,0
2026.01.15 16:00:00,105282.75,105304.10,105200.05,105270.40,3600,80,0
2026.01.15 15:00:00,105238.09,105324.43,105211.81,105282.70,3600,80,0
2026.01.15 14:00:00,105180.61,105238.04,105156.19,105238.04,3600,80,0
2026.01.15 13:00:00,105126.71,105180.56,105114.70,105180.56,3600,80,0
2026.01.15 12:00:00,105229.05,105269.37,105121.86,105126.66,3600,80,0
2026.01.15 11:00:00,105260.51,105299.86,105152.60,105229.00,3600,80,0
2026.01.15 10:00:00,105140.85,105289.93,105124.18,105260.46,3600,80,0
2026.01.15 09:00:00,105033.78,105140.80,105033.78,105140.80,3600,80,0
2026.01.15 08:00:00,104951.89,105093.17,104951.89,105033.73,3600,80,0
2026.01.15 07:00:00,104959.13,105009.39,104931.64,104951.84,3600,80,0
2026.01.15 06:00:00,104954.57,104978.75,104908.43,104959.08,3600,80,0
2026.01.15 05:00:00,104971.90,105050.54,104953.32,104954.52,3600,80,0
2026.01.15 04:00:00,104971.23,104996.18,104925.70,104971.85,3600,80,0
2026.01.15 03:00:00,105024.51,105075.71,104948.15,104971.18,3600,80,0
2026.01.15 02:00:00,104968.85,105024.46,104945.05,105024.46,3600,80,0
2026.01.15 01:00:00,105050.61,105102.06,104955.23,104968.80,3600,80,0
2026.01.15 00:00:00,105191.96,105192.66,104996.80,105050.56,3600,80,0
2026.01.14 23:00:00,105132.39,105191.91,105104.96,105191.91,3600,80,0
2026.01.14 22:00:00,105216.36,105276.81,105085.54,105132.34,3600,80,0
2026.01.14 21:00:00,105235.58,105262.98,105197.92,105216.31,3600,80,0
2026.01.14 20:00:00,105482.35,105525.64,105230.83,105235.53,3600,80,0
2026.01.14 19:00:00,105431.14,105482.30,105418.50,105482.30,3600,80,0
2026.01.14 18:00:00,105381.24,105431.09,105321.74,105431.09,3600,80,0
2026.01.14 17:00:00,105322.87,105381.19,105297.35,105381.19,3600,80,0
2026.01.14 16:00:00,105315.54,105368.17,105276.97,105322.82,3600,80,0
2026.01.14 15:00:00,105461.07,105519.36,105304.79,105315.49,3600,80,0
2026.01.14 14:00:00,105357.60,105469.87,105355.67,105461.02,3601,80,0
2026.01.14 13:00:00,105387.90,105420.00,105349.05,105357.55,3600,80,0
2026.01.14 12:00:00,105422.78,105495.51,105382.95,105387.85,3600,80,0
2026.01.14 11:00:00,105413.11,105422.73,105367.30,105422.73,3600,80,0
2026.01.14 10:00:00,105359.40,105454.76,105359.40,105413.06,3600,80,0
2026.01.14 09:00:00,105463.38,105465.79,105318.00,105359.35,3600,80,0
2026.01.14 08:00:00,105526.83,105537.78,105435.44,105463.33,3600,80,0
2026.01.14 07:00:00,105571.46,105612.49,105497.41,105526.78,3600,80,0
2026.01.14 06:00:00,105662.99,105669.74,105549.81,105571.41,3600,80,0
2026.01.14 05:00:00,105583.73,105662.94,105568.42,105662.94,3600,80,0
2026.01.14 04:00:00,105536.41,105613.34,105526.25,105583.68,3600,80,0
2026.01.14 03:00:00,105686.05,105691.55,105531.86,105536.36,3600,80,0
2026.01.14 02:00:00,105716.55,105737.75,105656.05,105686.00,3600,80,0
2026.01.14 01:00:00,105828.31,105843.26,105687.35,105716.50,3600,80,0
2026.01.14 00:00:00,105885.11,105892.86,105782.11,105828.26,3600,80,0
2026.01.13 23:00:00,105866.12,105901.29,105813.19,105885.06,3600,80,0
2026.01.13 22:00:00,105787.85,105897.08,105787.85,105866.07,3600,80,0
2026.01.13 21:00:00,105865.09,105885.93,105730.05,105787.80,3600,80,0
2026.01.13 20:00:00,105836.10,105904.47,105829.77,105865.04,3600,80,0
2026.01.13 19:00:00,105708.47,105836.05,105708.47,105836.05,3600,80,0
2026.01.13 18:00:00,105619.28,105715.58,105619.28,105708.42,3600,80,0
2026.01.13 17:00:00,105719.39,105724.29,105575.12,105619.23,3600,80,0
2026.01.13 16:00:00,105788.29,105790.39,105681.14,105719.34,3600,80,0
2026.01.13 15:00:00,105786.59,105876.32,105744.74,105788.24,3600,80,0
2026.01.13 14:00:00,105690.24,105798.87,105677.97,105786.54,3600,80,0
2026.01.13 13:00:00,105797.41,105813.65,105681.59,105690.19,3600,80,0
2026.01.13 12:00:00,105795.80,105834.47,105741.46,105797.36,3600,80,0
2026.01.13 11:00:00,105874.92,105900.67,105752.60,105795.75,3600,80,0
2026.01.13 10:00:00,105833.27,105968.32,105833.27,105874.87,3600,80,0
2026.01.13 09:00:00,105943.74,105951.44,105824.12,105833.22,3600,80,0
2026.01.13 08:00:00,105886.93,105952.21,105886.93,105943.69,3600,80,0
2026.01.13 07:00:00,105884.39,105898.88,105810.88,105886.88,3600,80,0
2026.01.13 06:00:00,105845.06,105949.77,105820.22,105884.34,3600,80,0
2026.01.13 05:00:00,105955.81,105965.46,105837.56,105845.01,3600,80,0
2026.01.13 04:00:00,105927.38,106000.01,105922.58,105955.76,3600,80,0
2026.01.13 03:00:00,105879.97,105927.33,105783.28,105927.33,3600,80,0
2026.01.13 02:00:00,105933.72,105938.67,105811.11,105879.92,3600,80,0
2026.01.13 01:00:00,105822.89,105933.67,105822.89,105933.67,3600,80,0
2026.01.13 00:00:00,105863.33,105942.38,105786.24,105822.84,3600,80,0
2026.01.12 23:00:00,105948.27,105963.57,105860.68,105863.28,3600,80,0
2026.01.12 22:00:00,105955.93,106010.79,105920.07,105948.22,3600,80,0
2026.01.12 21:00:00,105911.10,105964.47,105911.10,105955.88,3600,80,0
2026.01.12 20:00:00,105944.70,105965.95,105892.46,105911.05,3600,80,0
2026.01.12 19:00:00,105952.07,105983.98,105914.68,105944.65,3600,80,0
2026.01.12 18:00:00,105902.99,105988.88,105902.99,105952.02,3600,80,0
2026.01.12 17:00:00,105965.77,106017.52,105899.59,105902.94,3600,80,0
2026.01.12 16:00:00,105963.84,105994.24,105883.62,105965.72,3600,80,0
2026.01.12 15:00:00,105883.39,105963.79,105855.78,105963.79,3600,80,0
2026.01.12 14:00:00,105927.12,105935.87,105844.09,105883.34,3600,80,0
2026.01.12 13:00:00,105931.64,105974.92,105884.62,105927.07,3600,80,0
2026.01.12 12:00:00,105922.76,106006.84,105918.10,105931.59,3600,80,0
2026.01.12 11:00:00,105866.04,105938.11,105866.04,105922.71,3600,80,0
2026.01.12 10:00:00,105830.09,105915.39,105830.09,105865.99,3600,80,0
2026.01.12 09:00:00,105954.81,105967.61,105810.46,105830.04,3600,80,0
2026.01.12 08:00:00,106101.09,106107.79,105933.01,105954.76,3600,80,0
2026.01.12 07:00:00,106125.59,106144.48,106076.38,106101.04,3600,80,0
2026.01.12 06:00:00,106086.11,106131.11,106062.94,106125.54,3600,80,0
2026.01.12 05:00:00,106144.45,106151.35,106041.58,106086.06,3600,80,0
2026.01.12 04:00:00,106060.61,106169.36,106041.26,106144.40,3600,80,0
2026.01.12 03:00:00,106213.53,106229.53,106059.51,106060.56,3600,80,0
2026.01.12 02:00:00,106259.81,106290.23,106208.68,106213.48,3600,80,0
2026.01.12 01:00:00,106307.73,106356.83,106247.31,106259.76,3600,80,0
2026.01.12 00:00:00,106284.02,106325.54,106221.31,106307.68,3600,80,0
2026.01.11 23:00:00,106165.20,106306.41,106138.91,106283.97,3600,80,0
2026.01.11 22:00:00,106077.51,106165.15,106060.71,106165.15,3600,80,0
2026.01.11 21:00:00,105971.17,106098.10,105946.80,106077.46,3600,80,0
2026.01.11 20:00:00,105816.29,105971.12,105816.29,105971.12,3600,80,0
2026.01.11 19:00:00,105689.42,105816.24,105666.41,105816.24,3600,80,0
2026.01.11 18:00:00,105709.75,105735.60,105668.15,105689.37,3600,80,0
2026.01.11 17:00:00,105627.94,105730.42,105627.94,105709.70,3600,80,0
2026.01.11 16:00:00,105613.94,105627.89,105510.97,105627.89,3600,80,0
2026.01.11 15:00:00,105578.55,105640.40,105547.84,105613.89,3600,80,0
2026.01.11 14:00:00,105675.89,105679.34,105529.35,105578.50,3600,80,0
2026.01.11 13:00:00,105721.38,105747.03,105624.14,105675.84,3600,80,0
2026.01.11 12:00:00,105840.16,105874.96,105661.58,105721.33,3570,80,0
2026.01.11 11:00:00,105927.25,105959.56,105827.83,105840.11,3600,80,0
2026.01.11 10:00:00,105850.52,105939.50,105850.52,105927.20,3600,80,0
2026.01.11 09:00:00,105883.01,105895.31,105802.07,105850.47,3511,80,0
2026.01.11 08:00:00,105832.34,105882.96,105785.78,105882.96,3600,80,0
2026.01.11 07:00:00,105762.46,105832.29,105718.09,105832.29,3600,80,0
2026.01.11 06:00:00,105753.37,105870.78,105723.88,105762.41,3600,80,0
2026.01.11 05:00:00,105725.01,105753.32,105676.39,105753.32,3600,80,0
2026.01.11 04:00:00,105645.53,105748.65,105645.53,105724.96,3600,80,0
2026.01.11 03:00:00,105643.62,105669.50,105607.80,105645.48,3600,80,0
2026.01.11 02:00:00,105660.88,105666.88,105599.35,105643.57,3600,80,0
2026.01.11 01:00:00,105587.13,105660.83,105523.73,105660.83,3600,80,0
2026.01.11 00:00:00,105811.75,105812.00,105565.38,105587.08,3600,80,0
2026.01.10 23:00:00,105769.61,105859.09,105769.61,105811.70,3600,80,0
2026.01.10 22:00:00,105764.31,105790.36,105708.97,105769.56,3600,80,0
2026.01.10 21:00:00,105674.33,105769.32,105648.82,105764.26,3600,80,0
2026.01.10 20:00:00,105751.62,105769.85,105672.88,105674.28,3600,80,0
2026.01.10 19:00:00,105752.03,105787.14,105708.33,105751.57,3600,80,0
2026.01.10 18:00:00,105807.91,105810.20,105716.08,105751.98,3600,80,0
2026.01.10 17:00:00,105910.47,105964.52,105783.82,105807.86,3600,80,0
2026.01.10 16:00:00,105927.97,105937.84,105875.56,105910.42,3600,80,0
2026.01.10 15:00:00,106004.56,106066.91,105905.62,105927.92,3600,80,0
2026.01.10 14:00:00,106049.88,106137.44,105996.41,106004.51,3600,80,0
2026.01.10 13:00:00,106079.91,106107.34,106029.04,106049.83,3600,80,0
2026.01.10 12:00:00,106002.82,106079.86,106002.82,106079.86,3600,80,0
2026.01.10 11:00:00,105854.17,106002.77,105854.17,106002.77,3600,80,0
2026.01.10 10:00:00,105855.29,105869.79,105779.67,105854.12,3601,80,0
2026.01.10 09:00:00,105877.70,105902.25,105785.95,105855.24,3600,80,0
2026.01.10 08:00:00,105913.51,105944.86,105868.21,105877.65,3600,80,0
2026.01.10 07:00:00,105921.09,105959.24,105853.87,105913.46,3600,80,0
2026.01.10 06:00:00,105930.54,105972.98,105858.98,105921.04,3600,80,0
2026.01.10 05:00:00,105948.03,105987.83,105872.99,105930.49,3600,80,0
2026.01.10 04:00:00,106050.57,106054.27,105932.58,105947.98,3600,80,0
2026.01.10 03:00:00,106165.19,106216.39,105996.62,106050.52,3600,80,0
2026.01.10 02:00:00,106091.69,106190.88,106066.62,106165.14,3600,80,0
2026.01.10 01:00:00,106020.82,106099.35,106020.82,106091.64,3600,80,0
2026.01.10 00:00:00,105997.56,106071.25,105971.90,106020.77,3600,80,0
2026.01.09 23:00:00,105956.55,106004.72,105944.62,105997.51,3600,80,0
2026.01.09 22:00:00,105981.34,105991.29,105929.47,105956.50,3600,80,0
2026.01.09 21:00:00,106031.60,106068.80,105942.74,105981.29,3600,80,0
2026.01.09 20:00:00,105972.07,106038.58,105962.87,106031.55,3600,80,0
2026.01.09 19:00:00,105988.42,106013.74,105939.47,105972.02,3600,80,0
2026.01.09 18:00:00,106025.10,106038.74,105945.57,105988.37,3600,80,0
2026.01.09 17:00:00,106076.71,106111.21,105999.20,106025.05,3600,80,0
2026.01.09 16:00:00,106097.75,106151.34,106061.11,106076.66,3600,80,0
2026.01.09 15:00:00,106190.18,106236.33,106086.15,106097.70,3600,80,0
2026.01.09 14:00:00,106155.53,106265.08,106155.53,106190.13,3600,80,0
2026.01.09 13:00:00,106175.24,106207.34,106099.33,106155.48,3600,80,0
2026.01.09 12:00:00,106260.93,106301.57,106129.54,106175.19,3600,80,0
2026.01.09 11:00:00,106216.25,106285.31,106211.76,106260.88,3600,80,0
2026.01.09 10:00:00,106191.92,106248.81,106173.27,106216.20,3600,80,0
2026.01.09 09:00:00,106157.94,106191.87,106088.43,106191.87,3600,80,0
2026.01.09 08:00:00,106054.24,106157.89,106042.19,106157.89,3600,80,0
2026.01.09 07:00:00,106092.26,106148.65,106014.84,106054.19,3600,80,0
2026.01.09 06:00:00,106165.88,106241.38,106073.96,106092.21,3600,80,0
2026.01.09 05:00:00,106126.85,106165.83,106071.09,106165.83,3600,80,0
2026.01.09 04:00:00,106095.57,106162.25,106083.70,106126.80,3600,80,0
2026.01.09 03:00:00,106103.67,106110.67,105993.26,106095.52,3600,80,0
2026.01.09 02:00:00,106087.38,106159.52,106076.42,106103.62,3600,80,0
2026.01.09 01:00:00,105986.84,106087.33,105986.84,106087.33,3600,80,0
2026.01.09 00:00:00,105954.01,105997.19,105925.59,105986.79,3600,80,0
2026.01.08 23:00:00,105852.61,105953.96,105852.61,105953.96,3600,80,0
2026.01.08 22:00:00,105925.59,105956.52,105808.31,105852.56,3600,80,0
2026.01.08 21:00:00,105919.55,106010.10,105916.70,105925.54,3600,80,0
2026.01.08 20:00:00,105997.28,106027.11,105882.00,105919.50,3600,80,0
2026.01.08 19:00:00,106025.59,106070.45,105991.84,105997.23,3600,80,0
2026.01.08 18:00:00,105845.59,106025.54,105845.59,106025.54,3600,80,0
2026.01.08 17:00:00,105921.24,106020.95,105844.69,105845.54,3600,80,0
2026.01.08 16:00:00,105801.60,105921.19,105755.94,105921.19,3600,80,0
2026.01.08 15:00:00,105822.31,105839.87,105769.30,105801.55,3600,80,0
2026.01.08 14:00:00,105853.81,105875.06,105804.81,105822.26,3600,80,0
2026.01.08 13:00:00,105864.54,105927.09,105804.06,105853.76,3600,80,0
2026.01.08 12:00:00,105819.07,105871.10,105798.99,105864.49,3600,80,0
2026.01.08 11:00:00,105725.02,105819.02,105691.77,105819.02,3600,80,0
2026.01.08 10:00:00,105663.66,105724.97,105658.27,105724.97,3600,80,0
2026.01.08 09:00:00,105808.23,105837.88,105608.76,105663.61,3600,80,0
2026.01.08 08:00:00,105774.00,105848.37,105721.62,105808.18,3600,80,0
2026.01.08 07:00:00,105841.37,105851.22,105738.35,105773.95,3600,80,0
2026.01.08 06:00:00,105877.62,105969.96,105834.67,105841.32,3600,80,0
2026.01.08 05:00:00,105806.16,105938.46,105806.16,105877.57,3600,80,0
2026.01.08 04:00:00,105836.50,105884.71,105777.45,105806.11,3600,80,0
2026.01.08 03:00:00,105805.29,105870.31,105785.80,105836.45,3600,80,0
2026.01.08 02:00:00,105683.16,105805.24,105673.17,105805.24,3600,80,0
2026.01.08 01:00:00,105614.36,105698.18,105603.83,105683.11,3600,80,0
2026.01.08 00:00:00,105559.31,105629.57,105559.31,105614.31,3600,80,0
2026.01.07 23:00:00,105562.03,105594.63,105532.84,105559.26,3600,80,0
2026.01.07 22:00:00,105513.26,105561.98,105497.90,105561.98,3600,80,0
2026.01.07 21:00:00,105491.88,105528.06,105456.61,105513.21,3600,80,0
2026.01.07 20:00:00,105578.91,105608.68,105489.38,105491.83,3600,80,0
2026.01.07 19:00:00,105623.22,105628.77,105559.81,105578.86,3600,80,0
2026.01.07 18:00:00,105589.68,105623.17,105519.52,105623.17,3600,80,0
2026.01.07 17:00:00,105606.80,105608.30,105521.02,105589.63,3600,80,0
2026.01.07 16:00:00,105714.49,105734.84,105568.95,105606.75,3600,80,0
2026.01.07 15:00:00,105674.08,105736.13,105674.08,105714.44,3600,80,0
2026.01.07 14:00:00,105840.40,105865.51,105660.98,105674.03,3600,80,0
2026.01.07 13:00:00,105759.19,105887.60,105751.70,105840.35,3600,80,0
2026.01.07 12:00:00,105602.87,105759.14,105602.87,105759.14,3600,80,0
2026.01.07 11:00:00,105653.57,105682.90,105581.11,105602.82,3600,80,0
2026.01.07 10:00:00,105696.17,105746.83,105637.74,105653.52,3600,80,0
2026.01.07 09:00:00,105688.80,105726.35,105613.79,105696.12,3600,80,0
2026.01.07 08:00:00,105721.34,105734.54,105638.62,105688.75,3600,80,0
2026.01.07 07:00:00,105658.63,105733.13,105658.63,105721.29,3600,80,0
2026.01.07 06:00:00,105655.48,105703.87,105597.13,105658.58,3600,80,0
2026.01.07 05:00:00,105615.47,105712.82,105615.47,105655.43,3600,80,0
2026.01.07 04:00:00,105620.64,105666.35,105602.88,105615.42,3600,80,0
2026.01.07 03:00:00,105597.82,105648.33,105560.43,105620.59,3600,80,0
2026.01.07 02:00:00,105720.44,105721.74,105571.37,105597.77,3600,80,0
2026.01.07 01:00:00,105731.80,105733.30,105646.04,105720.39,3600,80,0
2026.01.07 00:00:00,105836.82,105838.97,105725.58,105731.75,3600,80,0
2026.01.06 23:00:00,105933.65,105934.25,105797.42,105836.77,3600,80,0
2026.01.06 22:00:00,105893.80,105933.60,105842.39,105933.60,3600,80,0
2026.01.06 21:00:00,105925.78,105942.53,105852.07,105893.75,3600,80,0
2026.01.06 20:00:00,105946.15,105966.75,105869.51,105925.73,3600,80,0
2026.01.06 19:00:00,106026.85,106060.96,105926.81,105946.10,3600,80,0
2026.01.06 18:00:00,106050.28,106070.48,105989.33,106026.80,3600,80,0
2026.01.06 17:00:00,106072.46,106101.01,105963.81,106050.23,3600,80,0
2026.01.06 16:00:00,106135.07,106184.12,106040.73,106072.41,3600,80,0
2026.01.06 15:00:00,106168.99,106185.29,106059.02,106135.02,3600,80,0
2026.01.06 14:00:00,106105.41,106182.41,106105.41,106168.94,3600,80,0
2026.01.06 13:00:00,106083.80,106126.40,106036.31,106105.36,3600,80,0
2026.01.06 12:00:00,106246.93,106262.63,106080.00,106083.75,3600,80,0
2026.01.06 11:00:00,106362.87,106366.32,106236.37,106246.88,3600,80,0
2026.01.06 10:00:00,106355.41,106371.81,106268.17,106362.82,3600,80,0
2026.01.06 09:00:00,106435.35,106441.90,106339.26,106355.36,3600,80,0
2026.01.06 08:00:00,106636.87,106639.27,106426.45,106435.30,3600,80,0
2026.01.06 07:00:00,106540.75,106636.82,106527.27,106636.82,3600,80,0
2026.01.06 06:00:00,106534.85,106573.60,106484.28,106540.70,3600,80,0
2026.01.06 05:00:00,106585.30,106637.77,106524.20,106534.80,3600,80,0
2026.01.06 04:00:00,106582.71,106619.96,106520.68,106585.25,3600,80,0
2026.01.06 03:00:00,106621.21,106686.27,106564.96,106582.66,3600,80,0
2026.01.06 02:00:00,106545.41,106621.16,106535.41,106621.16,3600,80,0
2026.01.06 01:00:00,106542.39,106603.34,106502.75,106545.36,3600,80,0
2026.01.06 00:00:00,106502.51,106555.22,106452.15,106542.34,3600,80,0
2026.01.05 23:00:00,106609.83,106610.28,106494.86,106502.46,3600,80,0
2026.01.05 22:00:00,106616.77,106636.61,106564.66,106609.78,3600,80,0
2026.01.05 21:00:00,106585.98,106674.50,106550.35,106616.72,3600,80,0
2026.01.05 20:00:00,106543.81,106621.19,106543.81,106585.93,3600,80,0
2026.01.05 19:00:00,106578.94,106606.77,106481.11,106543.76,3600,80,0
2026.01.05 18:00:00,106704.69,106716.38,106576.79,106578.89,3600,80,0
2026.01.05 17:00:00,106769.74,106778.14,106702.49,106704.64,3600,80,0
2026.01.05 16:00:00,106698.47,106773.35,106674.95,106769.69,3600,80,0
2026.01.05 15:00:00,106690.40,106729.50,106647.16,106698.42,3600,80,0
2026.01.05 14:00:00,106711.50,106729.60,106645.00,106690.35,3600,80,0
2026.01.05 13:00:00,106658.66,106732.58,106652.43,106711.45,3600,80,0
2026.01.05 12:00:00,106704.42,106718.77,106609.76,106658.61,3600,80,0
2026.01.05 11:00:00,106702.43,106748.43,106666.96,106704.37,3600,80,0
2026.01.05 10:00:00,106779.40,106787.30,106685.23,106702.38,3600,80,0
2026.01.05 09:00:00,106699.45,106779.35,106672.55,106779.35,3600,80,0
2026.01.05 08:00:00,106665.35,106699.40,106624.03,106699.40,3600,80,0
2026.01.05 07:00:00,106633.04,106704.70,106613.12,106665.30,3600,80,0
2026.01.05 06:00:00,106652.37,106698.77,106613.34,106632.99,3600,80,0
2026.01.05 05:00:00,106600.47,106652.32,106573.99,106652.32,3600,80,0
2026.01.05 04:00:00,106526.43,106600.42,106523.44,106600.42,3600,80,0
2026.01.05 03:00:00,106537.57,106537.57,106465.38,106526.38,3600,80,0
2026.01.05 02:00:00,106595.70,106661.15,106512.03,106537.52,3600,80,0
2026.01.05 01:00:00,106566.02,106616.39,106526.59,106595.65,3600,80,0
2026.01.05 00:00:00,106431.62,106565.97,106428.05,106565.97,3600,80,0
2026.01.04 23:00:00,106328.47,106431.57,106328.47,106431.57,3600,80,0
2026.01.04 22:00:00,106393.41,106435.11,106314.02,106328.42,3601,80,0
2026.01.04 21:00:00,106400.60,106451.55,106338.89,106393.36,3600,80,0
2026.01.04 20:00:00,106377.25,106461.75,106377.25,106400.55,3600,80,0
2026.01.04 19:00:00,106452.15,106469.42,106335.13,106377.20,3600,80,0
2026.01.04 18:00:00,106433.49,106557.63,106433.49,106452.10,3600,80,0
2026.01.04 17:00:00,106367.80,106440.07,106341.48,106433.44,3600,80,0
2026.01.04 16:00:00,106328.93,106410.20,106325.79,106367.75,3600,80,0
2026.01.04 15:00:00,106424.08,106456.93,106299.33,106328.88,3600,80,0
2026.01.04 14:00:00,106401.30,106424.03,106299.13,106424.03,3600,80,0
2026.01.04 13:00:00,106401.43,106426.17,106294.42,106401.25,3600,80,0
2026.01.04 12:00:00,106567.72,106592.57,106396.38,106401.38,3600,80,0
2026.01.04 11:00:00,106573.15,106647.90,106530.97,106567.67,3600,80,0
2026.01.04 10:00:00,106526.79,106573.10,106486.60,106573.10,3600,80,0
2026.01.04 09:00:00,106710.68,106721.73,106508.34,106526.74,3599,80,0
2026.01.04 08:00:00,106677.84,106767.77,106677.84,106710.63,3600,80,0
2026.01.04 07:00:00,106640.81,106728.49,106640.81,106677.79,3600,80,0
2026.01.04 06:00:00,106495.59,106640.76,106495.59,106640.76,3600,80,0
2026.01.04 05:00:00,106493.48,106520.53,106402.49,106495.54,3600,80,0
2026.01.04 04:00:00,106463.76,106526.83,106450.46,106493.43,3600,80,0
2026.01.04 03:00:00,106417.26,106522.75,106395.10,106463.71,3600,80,0
2026.01.04 02:00:00,106342.74,106422.34,106342.74,106417.21,3600,80,0
2026.01.04 01:00:00,106379.39,106421.49,106332.24,106342.69,3600,80,0
2026.01.04 00:00:00,106409.07,106471.52,106350.09,106379.34,3600,80,0
2026.01.03 23:00:00,106374.27,106455.49,106368.14,106409.02,3600,80,0
2026.01.03 22:00:00,106267.71,106374.22,106267.71,106374.22,3600,80,0
2026.01.03 21:00:00,106247.89,106296.30,106227.86,106267.66,3600,80,0
2026.01.03 20:00:00,106147.65,106248.60,106147.65,106247.84,3600,80,0
2026.01.03 19:00:00,106110.90,106176.77,106095.24,106147.60,3600,80,0
2026.01.03 18:00:00,105992.01,106110.85,105992.01,106110.85,3600,80,0
2026.01.03 17:00:00,105930.78,105997.47,105910.49,105991.96,3600,80,0
2026.01.03 16:00:00,105792.89,105948.85,105792.89,105930.73,3600,80,0
2026.01.03 15:00:00,105790.91,105822.31,105760.93,105792.84,3600,80,0
2026.01.03 14:00:00,105738.43,105797.47,105722.87,105790.86,3600,80,0
2026.01.03 13:00:00,105719.69,105760.92,105679.62,105738.38,3600,80,0
2026.01.03 12:00:00,105578.66,105719.64,105578.66,105719.64,3462,80,0
2026.01.03 11:00:00,105650.19,105652.49,105549.76,105578.61,3600,80,0
2026.01.03 10:00:00,105643.46,105650.14,105546.34,105650.14,3600,80,0
2026.01.03 09:00:00,105742.54,105746.69,105635.00,105643.41,3600,80,0
2026.01.03 08:00:00,105692.75,105742.49,105655.10,105742.49,3600,80,0
2026.01.03 07:00:00,105695.74,105736.69,105604.05,105692.70,3600,80,0
2026.01.03 06:00:00,105625.22,105706.06,105585.64,105695.69,3600,80,0
2026.01.03 05:00:00,105594.20,105699.96,105594.20,105625.17,3600,80,0
2026.01.03 04:00:00,105513.14,105594.15,105494.78,105594.15,3600,80,0
2026.01.03 03:00:00,105476.98,105525.73,105442.01,105513.09,3600,80,0
2026.01.03 02:00:00,105634.01,105665.57,105471.63,105476.93,3600,80,0
2026.01.03 01:00:00,105633.44,105674.79,105603.33,105633.96,3600,80,0
2026.01.03 00:00:00,105709.07,105714.87,105600.83,105633.39,3600,80,0
2026.01.02 23:00:00,105690.02,105753.80,105681.72,105709.02,3600,80,0
2026.01.02 22:00:00,105713.40,105744.65,105674.82,105689.97,3600,80,0
2026.01.02 21:00:00,105635.50,105713.35,105598.06,105713.35,3600,80,0
2026.01.02 20:00:00,105699.78,105753.88,105619.35,105635.45,3600,80,0
2026.01.02 19:00:00,105833.93,105847.23,105667.83,105699.73,3600,80,0
2026.01.02 18:00:00,105927.04,105952.77,105815.53,105833.88,3600,80,0
2026.01.02 17:00:00,105838.69,105926.99,105804.23,105926.99,3600,80,0
2026.01.02 16:00:00,105798.94,105872.56,105776.24,105838.64,3600,80,0
2026.01.02 15:00:00,105837.76,105871.29,105785.04,105798.89,3600,80,0
2026.01.02 14:00:00,105744.69,105837.71,105744.69,105837.71,3600,80,0
2026.01.02 13:00:00,105682.71,105744.64,105640.78,105744.64,3600,80,0
2026.01.02 12:00:00,105848.08,105900.53,105670.36,105682.66,3600,80,0
2026.01.02 11:00:00,105796.79,105848.03,105775.45,105848.03,3600,80,0
2026.01.02 10:00:00,105709.51,105796.74,105667.29,105796.74,3600,80,0
2026.01.02 09:00:00,105762.14,105786.29,105645.81,105709.46,3600,80,0
2026.01.02 08:00:00,105731.10,105799.45,105699.72,105762.09,3600,80,0
2026.01.02 07:00:00,105751.91,105813.39,105722.34,105731.05,3600,80,0
2026.01.02 06:00:00,105885.75,105912.20,105748.46,105751.86,3600,80,0
2026.01.02 05:00:00,105767.84,105885.70,105735.32,105885.70,3600,80,0
2026.01.02 04:00:00,105820.80,105834.05,105699.89,105767.79,3600,80,0
2026.01.02 03:00:00,105799.79,105876.09,105748.65,105820.75,3600,80,0
2026.01.02 02:00:00,105872.81,105877.87,105759.69,105799.74,3600,80,0
2026.01.02 01:00:00,105754.42,105925.52,105754.42,105872.76,3600,80,0
2026.01.02 00:00:00,105921.36,105928.96,105707.27,105754.37,3600,80,0
2026.01.01 23:00:00,105801.89,105921.31,105801.89,105921.31,3540,80,0
2026.01.01 22:00:00,105825.75,105877.45,105757.32,105801.84,3600,80,0
2026.01.01 21:00:00,105800.50,105847.28,105787.50,105825.70,3600,80,0
2026.01.01 20:00:00,105777.15,105800.45,105710.97,105800.45,3600,80,0
2026.01.01 19:00:00,105734.88,105820.54,105734.88,105777.10,3600,80,0
2026.01.01 18:00:00,105744.06,105802.74,105733.53,105734.83,3601,80,0
2026.01.01 17:00:00,105716.88,105770.80,105684.42,105744.01,3600,80,0
2026.01.01 16:00:00,105725.18,105778.15,105685.75,105716.83,3600,80,0
2026.01.01 15:00:00,105677.84,105725.13,105660.88,105725.13,3600,80,0
2026.01.01 14:00:00,105841.85,105866.50,105664.04,105677.79,3600,80,0
2026.01.01 13:00:00,105955.28,106035.53,105838.25,105841.80,3600,80,0
2026.01.01 12:00:00,105951.45,105995.07,105923.43,105955.23,3600,80,0
2026.01.01 11:00:00,106082.48,106130.10,105949.65,105951.40,3600,80,0
2026.01.01 10:00:00,106193.01,106196.91,106072.82,106082.43,3600,80,0
2026.01.01 09:00:00,106101.09,106213.28,106101.09,106192.96,3600,80,0
2026.01.01 08:00:00,106129.34,106183.08,106099.39,106101.04,3600,80,0
2026.01.01 07:00:00,106249.13,106263.58,106123.19,106129.29,3600,80,0
2026.01.01 06:00:00,106254.66,106264.22,106202.29,106249.08,3600,80,0
2026.01.01 05:00:00,106337.82,106340.57,106192.67,106254.61,3600,80,0
2026.01.01 04:00:00,106199.38,106337.77,106199.38,106337.77,3600,80,0
2026.01.01 03:00:00,106206.87,106228.08,106126.11,106199.33,3600,80,0
2026.01.01 02:00:00,106209.81,106262.17,106189.22,106206.82,3600,80,0
2026.01.01 01:00:00,106186.15,106233.24,106152.83,106209.76,3600,80,0
2026.01.01 00:00:00,106153.66,106208.82,106113.72,106186.10,3540,80,0
